% Model,Untitled.mph
% Version,COMSOL 6.1.0.357
% Date,"Apr 21 2024, 04:11"
% Dimension,3
% Nodes,1182
% Expressions,1
% Description,Electric potential
% Length unit,Âµm
% x,y,z,V2 (V)
0,0,0,-7.496411657702083E-5
0,0,-0.8929663049340348,-7.551277068926652E-5
-6.291975369522627E-18,-5.515341292221995E-17,-97.68607703327307,-0.0017080723390840975
2.516790147809051E-17,2.206136516888798E-16,-99.99999999999996,-0.001709627327024621
0,0,-97.00844761996652,-0.0017071761053605989
3.1459876847613136E-18,2.7576706461109974E-17,-1.0411371743108546,-7.656678331723505E-5
0,0,-1.1031066682894561,-7.709195529801964E-5
-6.291975369522627E-18,-5.515341292221995E-17,-1.3224020207900296,-7.916510779043331E-5
0,0,-1.8602157258854035,-8.616621441569478E-5
6.291975369522627E-18,5.515341292221995E-17,-1.5820678187874149,-8.217936908098829E-5
6.291975369522627E-18,5.515341292221995E-17,-1.9726883172283605,-8.791407573504036E-5
0,0,-3.996164454215794,-1.275221989264576E-4
-3.1459876847613136E-18,-2.7576706461109974E-17,-3.651894833928715,-1.1993153732637545E-4
0,0,-3.425807236063953,-1.1509823244510334E-4
1.5729938423806568E-18,1.3788353230554987E-17,-3.100699443500211,-1.0835529690343112E-4
-6.291975369522627E-18,-5.515341292221995E-17,-2.7927895015022557,-1.0222079244054082E-4
-6.291975369522627E-18,-5.515341292221995E-17,-4.979096343522208,-1.501866002831949E-4
-1.2583950739045254E-17,-1.103068258444399E-16,-5.2535167029935295,-1.5675231184657517E-4
6.291975369522627E-18,5.515341292221995E-17,-5.871189851542603,-1.7167425353516714E-4
6.291975369522627E-18,5.515341292221995E-17,-5.9551471547719,-1.7372398261565782E-4
3.1459876847613136E-18,2.7576706461109974E-17,-4.581921624044874,-1.4088043574744924E-4
0,0,-4.8336783532141885,-1.467536817797617E-4
-9.43796305428394E-18,-8.273011938332992E-17,-6.804172056829451,-1.9472246875662053E-4
-3.1459876847613136E-18,-2.7576706461109974E-17,-7.668369913899645,-2.1644259471026108E-4
6.291975369522627E-18,5.515341292221995E-17,-6.659738788082983,-1.911232230671633E-4
0,0,-8.824643096501752,-2.457817704261393E-4
-4.71898152714197E-18,-4.136505969166496E-17,-9.154465644653541,-2.5420443192220753E-4
9.43796305428394E-18,8.273011938332992E-17,-10.965299754456188,-3.0071581257593884E-4
-3.1459876847613136E-18,-2.7576706461109974E-17,-9.596050585790136,-2.655086443986103E-4
6.291975369522627E-18,5.515341292221995E-17,-9.418974703894946,-2.6097663915662525E-4
0,0,-9.461050494973712,-2.620532502511436E-4
-3.1459876847613136E-18,-2.7576706461109974E-17,-11.52161471593611,-3.1504713327057876E-4
0,0,-11.936044188140464,-3.257341765154899E-4
6.291975369522627E-18,5.515341292221995E-17,-12.3824921823961,-3.372588465988635E-4
6.291975369522627E-18,5.515341292221995E-17,-12.44502650470911,-3.3887276946381216E-4
0,0,-12.981275689243963,-3.527098195553316E-4
6.291975369522627E-18,5.515341292221995E-17,-13.976137120476714,-3.7837257036852615E-4
0,0,-14.49815369913032,-3.918359979891896E-4
0,0,-14.822105485208658,-4.001818043686578E-4
6.291975369522627E-18,5.515341292221995E-17,-15.247450683840915,-4.111318704386164E-4
0,0,-16.685412697121357,-4.4808384873010486E-4
1.2583950739045254E-17,1.103068258444399E-16,-17.01429865578006,-4.565161618362556E-4
0,0,-17.96161673571269,-4.807570836569689E-4
1.2583950739045254E-17,1.103068258444399E-16,-20.381436789283264,-5.422893582977885E-4
2.516790147809051E-17,2.206136516888798E-16,-20.9653009914802,-5.570418414628466E-4
-1.2583950739045254E-17,-1.103068258444399E-16,-19.620940285301792,-5.230132460159205E-4
-6.291975369522627E-18,-5.515341292221995E-17,-22.113330303287842,-5.859489147705223E-4
6.291975369522627E-18,5.515341292221995E-17,-23.036565546055858,-6.09042671480536E-4
6.291975369522627E-18,5.515341292221995E-17,-23.57977516740271,-6.225853154572166E-4
-1.2583950739045254E-17,-1.103068258444399E-16,-26.079608354577793,-6.843785810534849E-4
-1.2583950739045254E-17,-1.103068258444399E-16,-26.11349866857748,-6.852091186944571E-4
0,0,-23.549494443197194,-6.218314883590296E-4
-1.2583950739045254E-17,-1.103068258444399E-16,-28.08648818248459,-7.332685360710903E-4
0,0,-30.002504443721996,-7.792608140992459E-4
-6.291975369522627E-18,-5.515341292221995E-17,-30.10328699543533,-7.816616261705067E-4
0,0,-30.66476205633888,-7.950022046596988E-4
0,0,-36.40054891114713,-9.276777039626635E-4
0,0,-36.10924880475138,-9.211121947167662E-4
0,0,-35.98294442043162,-9.182563371764933E-4
-1.2583950739045254E-17,-1.103068258444399E-16,-42.33748118624316,-0.0010571680575470633
6.291975369522627E-18,5.515341292221995E-17,-43.71472198398694,-0.0010859494236440353
2.516790147809051E-17,2.206136516888798E-16,-36.53048915436559,-9.306017869233313E-4
3.1459876847613136E-17,2.7576706461109974E-16,-41.81708105737672,-0.0010461587465008687
0,0,-45.72207958447228,-0.0011269306661039443
1.2583950739045254E-17,1.103068258444399E-16,-48.281264019915064,-0.001177563797008419
-1.2583950739045254E-17,-1.103068258444399E-16,-49.540720898270244,-0.0012018417836898387
2.516790147809051E-17,2.206136516888798E-16,-52.51956672339127,-0.0012573386773616307
-5.033580295618102E-17,-4.412273033777596E-16,-56.32116950297499,-0.0013240527463711602
0,0,-56.88186118342257,-0.0013334894092857593
0,0,-57.21584530404734,-0.0013390896111611277
0,0,-63.93568893867253,-0.0014433731004005468
0,0,-65.71312558521785,-0.0014683478357343696
-2.516790147809051E-17,-2.206136516888798E-16,-64.05776298565763,-0.001445122175571178
0,0,-67.73649629681137,-0.0014951459496175899
0,0,-67.48940991677637,-0.0014919428703819807
-1.2583950739045254E-17,-1.103068258444399E-16,-68.80925859805319,-0.0015089994714652885
0,0,-79.12194796268292,-0.0016188498755152754
5.033580295618102E-17,4.412273033777596E-16,-81.62843978535655,-0.0016389640596246597
0,0,-89.59870519810008,-0.0016870918608268787
0,0,-85.62869604228094,-0.0016663645255331023
1.0067160591236203E-16,8.824546067555192E-16,-83.99589094705698,-0.0016558278093047173
0,0,48.81153846153844,-0.002490199220825304
0,0,49.80769230769231,-0.002537607635285897
0,0,47.81538461538461,-0.0024426023579974267
0,0,50.80384615384615,-0.002584824661884299
0,0,46.81923076923077,-0.0023948201000367816
0,0,45.82307692307691,-0.00234685567092509
0,0,44.82692307692307,-0.0022987119787088277
0,0,43.830769230769214,-0.0022503925101138886
0,0,37.85384615384615,-0.0019569704523157466
0,0,36.857692307692304,-0.0019075153389835479
0,0,38.849999999999994,-0.002006274049730035
0,0,42.83461538461539,-0.0022019004583755733
0,0,40.84230769230768,-0.0021044119084065818
0,0,41.83846153846154,-0.002153239009185888
0,0,51.799999999999976,-0.0026318475440336464
0,0,31.876923076923077,-0.0016581016408462642
0,0,30.880769230769225,-0.0016078193984765757
0,0,32.873076923076916,-0.0017082561795525
0,0,52.79923736892276,-0.0026788180794127744
0,0,29.88461538461538,-0.0015574138498880917
0,0,35.861538461538444,-0.001857912268471697
0,0,34.865384615384606,-0.0018081654703764765
0,0,26.89615384615384,-0.001405500871768459
0,0,25.89999999999999,-0.0013546469221214796
0,0,33.86923076923076,-0.0017582788457022314
0,0,24.903846153846153,-0.0013036929636793034
0,0,16.934615384615384,-8.931649225459178E-4
0,0,17.93076923076922,-9.446988471426096E-4
0,0,18.926923076923075,-9.961863094919744E-4
0,0,19.92307692307692,-0.0010476184661709687
0,0,21.91538461538461,-0.0011502855186122688
0,0,22.911538461538456,-0.0012015065483208195
0,0,20.91923076923077,-0.0010989872259761213
0,0,27.89230769230769,-0.0014562499492134092
0,0,28.888461538461534,-0.001506889158359782
0,0,15.938461538461539,-8.415942942320184E-4
0,0,23.907692307692308,-0.0012526443020677716
0,0,39.84615384615385,-0.0020554224456173385
0,0,53.79847473784555,-0.002725587319690024
0,0,1.9923076923076906,-1.3954150663608275E-4
0,0,2.988461538461536,-1.8319319316803293E-4
0,0,11.95384615384615,-6.352096030972077E-4
0,0,10.957692307692303,-5.836809609897091E-4
0,0,12.949999999999994,-6.867880972169857E-4
0,0,9.96153846153846,-5.322349510028193E-4
0,0,5.976923076923079,-3.2853440793361897E-4
0,0,4.9807692307692335,-2.787775996155631E-4
0,0,8.965384615384613,-4.809167967090872E-4
0,0,14.942307692307685,-7.899986061756042E-4
0,0,3.984615384615381,-2.3008407925157536E-4
0,0,54.79771210676833,-0.0027721525110812645
0,0,0.9961538461538453,-1.0194632249828837E-4
0,0,13.946153846153841,-7.383910720795569E-4
0,0,7.969230769230769,-4.2979039897786354E-4
0,0,6.973076923076924,-3.789474834317409E-4
0,0,56.79618684461389,-0.0028646596637651174
0,0,55.796949475691136,-0.0028185108903969226
0,0,60.793136320305045,-0.0030471085932998725
0,0,59.793898951382275,-0.0030018234157309586
0,0,58.79466158245948,-0.0029563185810164805
0,0,57.7954242135367,-0.0029105964552937017
0,0,63.7908484270734,-0.0031816221688062713
0,0,62.791611058150615,-0.003137010191281066
0,0,61.79237368922783,-0.0030921716339133982
0,0,64.79008579599618,-0.003226005358698495
0,0,69.78627264061011,-0.0034444145395478823
0,0,68.7870352716873,-0.0034012069524252384
0,0,65.78932316491897,-0.003270157494945003
0,0,67.78779790276454,-0.0033577602340794798
0,0,66.78856053384175,-0.0033140764153864973
0,0,75.78169685414682,-0.00369854021542942
0,0,74.78245948522398,-0.0036568039348319425
0,0,76.78093422306955,-0.003740025506649941
0,0,73.78322211630125,-0.0036148183584731814
0,0,72.78398474737844,-0.00357258491418784
0,0,71.78474737845566,-0.0035301053249971563
0,0,70.78551000953286,-0.00348738123577428
0,0,85.77407054337465,-0.00410187669338588
0,0,84.77483317445183,-0.004062709398939748
0,0,82.77635843660626,-0.0039835891601424
0,0,83.77559580552906,-0.004023279878144896
0,0,81.77712106768352,-0.0039436382809717166
0,0,80.77788369876072,-0.003903428531214556
0,0,79.77864632983795,-0.0038629611510968224
0,0,78.77940896091513,-0.0038222372957779065
0,0,77.78017159199237,-0.0037812583251868185
0,0,88.77178265014301,-0.004217795934867234
0,0,89.77102001906579,-0.004255905251607663
0,0,87.7725452812202,-0.004179420802948413
0,0,90.77025738798858,-0.004293747845214954
0,0,86.77330791229744,-0.004140780769906908
0,0,91.76949475691133,-0.004331323011488707
0,0,94.7672068636797,-0.004442437752308243
0,0,93.76796949475691,-0.004405668604892488
0,0,119.74814108674926,-0.0052733439825855275
0,0,120.74737845567205,-0.005303049590427503
0,0,92.76873212583408,-0.00436863014149354
0,0,95.7664442326025,-0.004478937069078357
0,0,108.75653002859866,-0.004928709809030355
0,0,107.7572926596759,-0.004895746965064987
0,0,104.75958055290754,-0.004795221502516329
0,0,103.76034318398476,-0.004761167417882619
0,0,106.75805529075309,-0.004862511326621576
0,0,102.76110581506195,-0.004726840671519702
0,0,97.76491897044806,-0.004551124055903659
0,0,98.76415633937079,-0.004586810974417736
0,0,99.76339370829362,-0.0046222263713265035
0,0,114.75195424213535,-0.005120764893554308
0,0,113.75271687321258,-0.005089435999430704
0,0,111.75424213536701,-0.00502596243667538
0,0,112.75347950428981,-0.005057835269735745
0,0,123.74509056244038,-0.005390554330373642
0,0,122.74585319351763,-0.0053616541783914565
0,0,121.74661582459483,-0.00533248610142082
0,0,130.7397521448999,-0.005585406180720847
0,0,131.73898951382267,-0.005612186500075267
0,0,129.74051477597712,-0.0055583634442511656
0,0,132.7382268827454,-0.005638705135396504
0,0,128.7412774070543,-0.0055310574912017536
0,0,127.74204003813152,-0.005503487592457144
0,0,126.74280266920877,-0.00547565303835735
0,0,110.7550047664442,-0.0049938173698360075
0,0,146.72755004766444,-0.00598300235427787
0,0,147.72678741658726,-0.0060057088092056315
0,0,96.76568160152526,-0.004515165986589497
0,0,100.7626310772164,-0.004657369889823362
0,0,105.75881792183029,-0.004829002815052167
0,0,101.76186844613918,-0.004692241419416261
0,0,118.7489037178265,-0.005243368959593656
0,0,117.7496663489037,-0.005213123917704741
0,0,109.75576739752145,-0.004961399894614014
0,0,116.75042897998094,-0.005182608510262693
0,0,115.75119161105813,-0.005151822293643653
0,0,135.73593898951384,-0.0057166997198120385
0,0,136.73517635843655,-0.005742180402786366
0,0,134.73670162059108,-0.005690960894056574
0,0,137.73441372735937,-0.005767403859105209
0,0,138.7336510962822,-0.005792371061077366
0,0,133.73746425166826,-0.005664962997480856
0,0,124.74432793136315,-0.0054191871018906025
0,0,125.74356530028601,-0.005447553103761241
0,0,139.73288846520498,-0.005817082879426729
0,0,141.73136320305053,-0.005865744623404217
0,0,140.73212583412766,-0.0058415403700491746
0,0,142.73060057197333,-0.005889696573039453
0,0,143.72983794089612,-0.005913397273179097
0,0,155.7206863679695,-0.006178613112623473
0,0,156.7199237368923,-0.006199150626794534
0,0,151.72373689227837,-0.006094089176683599
0,0,152.72297426120107,-0.006115578677506093
0,0,157.7191611058151,-0.0062194532124912405
0,0,158.71839847473785,-0.006239522135690574
0,0,145.72831267874164,-0.0059600490831375865
0,0,144.72907530981894,-0.005936847757852525
0,0,148.72602478551005,-0.006028169566929872
0,0,150.72449952335558,-0.006072358627332405
0,0,149.72526215443276,-0.0060503858119077955
0,0,186.69704480457582,-0.006711978728044431
0,0,185.69780743565303,-0.006697907297031875
0,0,154.7214489990467,-0.006157839410459738
0,0,153.72221163012392,-0.006136828336498257
0,0,161.7161105815062,-0.006298339745876342
0,0,162.715347950429,-0.0063174868572963205
0,0,159.71763584366062,-0.00625935869042778
0,0,160.71687321258344,-0.006278964124377178
0,0,163.71458531935176,-0.006336406734038817
0,0,167.71153479504287,-0.006409840612089779
0,0,168.7107721639657,-0.006427644380704608
0,0,169.71000953288848,-0.006445229011541273
0,0,184.6985700667302,-0.006683640400407122
0,0,183.6993326978074,-0.00666917664574647
0,0,170.70924690181124,-0.006462595908631189
0,0,171.708484270734,-0.006479746368285668
0,0,180.7016205910391,-0.006624590226322384
0,0,179.70238322211625,-0.006609325017361482
0,0,172.70772163965682,-0.0064966817629530296
0,0,176.704671115348,-0.006562300537856106
0,0,175.70543374642511,-0.0065462114627540405
0,0,187.6962821734985,-0.0067258561698920975
0,0,189.69475691134414,-0.006753034762008267
0,0,188.69551954242135,-0.006739541019415451
0,0,215.67492850333656,-0.007041370331574994
0,0,216.67416587225932,-0.007050230815590448
0,0,229.66425166825547,-0.007152018568169551
0,0,230.66348903717824,-0.007158862981665771
0,0,192.69246901811252,-0.00679238311946881
0,0,191.69323164918967,-0.006779454390160957
0,0,190.6939942802669,-0.00676633873140046
0,0,212.67721639656816,-0.0070138608766740565
0,0,213.67645376549095,-0.007023186698828059
0,0,201.68560533841753,-0.006900562125202051
0,0,200.68636796949477,-0.006889252463343678
0,0,202.68484270734035,-0.006911698854511199
0,0,203.6840800762631,-0.006922664114926758
0,0,204.68331744518588,-0.0069334592491560485
0,0,205.68255481410867,-0.006944085637540076
0,0,206.68179218303146,-0.006954544605249538
0,0,214.6756911344137,-0.0070323560485752055
0,0,224.66806482364157,-0.0071157360455009495
0,0,225.66730219256434,-0.007123271476532842
0,0,223.66882745471872,-0.0071080585740186135
0,0,177.70390848427076,-0.00657818158920886
0,0,178.70314585319352,-0.00659385592992325
0,0,181.70085795996187,-0.00663965297813972
0,0,197.68865586272642,-0.006854272108533183
0,0,198.68789323164918,-0.006866108787915282
0,0,199.68713060057195,-0.006877768482469361
0,0,207.68102955195423,-0.006964837580205085
0,0,208.68026692087705,-0.006974965998872023
0,0,164.71382268827458,-0.006355100727911292
0,0,165.7130600571973,-0.00637357011306986
0,0,166.71229742612013,-0.006391816298198431
0,0,211.67797902764534,-0.007004377258943557
0,0,209.6795042897998,-0.0069849312135597105
0,0,210.6787416587226,-0.006994734501919732
0,0,246.6512869399428,-0.00725091602761617
0,0,245.65204957102006,-0.007246077829014208
0,0,247.65052430886556,-0.007255638831911333
0,0,222.66959008579596,-0.00710023784138986
0,0,226.6665395614871,-0.007130666138943155
0,0,231.6627264061011,-0.007165572935758928
0,0,232.66196377502385,-0.007172149678927003
0,0,227.66577693040995,-0.007137921362999098
0,0,234.66043851286938,-0.0071849085280233605
0,0,235.6596758817922,-0.0071910930941128095
0,0,219.67187797902758,-0.007075902631048646
0,0,220.67111534795043,-0.007084161154684985
0,0,182.7000953288847,-0.006654514663759332
0,0,173.7069590085796,-0.0065134034755259616
0,0,174.70619637750238,-0.006529912878530991
0,0,427.5132507149667,-0.007042548241099669
0,0,426.5140133460438,-0.007046529668461123
0,0,424.5155386081982,-0.007054462981048046
0,0,423.51630123927555,-0.007058414642565162
0,0,425.514775977121,-0.0070505013765846305
0,0,420.5185891325072,-0.007070207043297692
0,0,421.5178265014299,-0.0070662869820902535
0,0,272.6314585319352,-0.007339375902159491
0,0,271.6322211630124,-0.007337190272463827
0,0,269.63374642516686,-0.00733254999232143
0,0,270.6329837940897,-0.007334915298369474
0,0,249.64899904671114,-0.007264742698428007
0,0,248.64976167778838,-0.0072602473352839135
0,0,233.66120114394664,-0.0071785944742160795
0,0,243.65357483317445,-0.007236050254485041
0,0,244.65281220209724,-0.007241122899968865
0,0,242.65433746425163,-0.007230858871747831
0,0,241.65510009532892,-0.007225547506449938
0,0,239.65662535748334,-0.0072145600480748905
0,0,238.6573879885605,-0.007208881606211505
0,0,237.65815061963778,-0.0072030784639737664
0,0,228.6650142993327,-0.007145038420911643
0,0,236.658913250715,-0.007197149375534658
0,0,221.67035271687325,-0.00709227250718863
0,0,196.68941849380366,-0.006842256916038915
0,0,195.69018112488078,-0.006830061814136195
0,0,194.69094375595807,-0.006817685385394988
0,0,193.69170638703528,-0.0068051263218818015
0,0,240.6558627264061,-0.007220114951893703
0,0,265.6367969494757,-0.007322166188029866
0,0,266.6360343183985,-0.007324902431703738
0,0,264.63755958055293,-0.007319334729970757
0,0,263.6383222116302,-0.0073164070566576036
0,0,254.64518589132507,-0.007285560944004132
0,0,253.64594852240228,-0.0072816147715078095
0,0,252.64671115347957,-0.007277560936281258
0,0,251.6474737845567,-0.007273398376195304
0,0,250.64823641563393,-0.007269126001248756
0,0,418.5201143946615,-0.007078014334346176
0,0,417.52087702573874,-0.007081900978868831
0,0,416.521639656816,-0.0070857759538906365
0,0,415.52240228789327,-0.007089639004051528
0,0,419.5193517635844,-0.007074116257241298
0,0,349.5727359389895,-0.007303856078058938
0,0,350.5719733079123,-0.007301455563595101
0,0,329.5879885605339,-0.007343830071636466
0,0,328.5887511916111,-0.0073453863229100335
0,0,217.67340324118211,-0.007058938785173311
0,0,218.67264061010482,-0.007067495621027539
0,0,400.5338417540515,-0.007145990447003368
0,0,401.5330791229742,-0.007142336074148354
0,0,399.5346043851287,-0.0071496287653382675
0,0,395.5376549094376,-0.007164016080485055
0,0,394.5384175405146,-0.007167569865704899
0,0,385.54528122020963,-0.007198713852837754
0,0,386.54451858913245,-0.007195331843977437
0,0,381.5483317445187,-0.007212031977653127
0,0,382.5475691134414,-0.0072087347106941126
0,0,384.5460438512869,-0.007202075274588603
0,0,383.5468064823643,-0.007205415778189273
0,0,372.55519542421365,-0.007240673206018635
0,0,371.5559580552906,-0.0072437338661385745
0,0,380.54909437559587,-0.00721530729583788
0,0,392.53994280266926,-0.007174623783729121
0,0,391.54070543374655,-0.007178123049308427
0,0,393.53918017159185,-0.007171105834436631
0,0,432.50943755958053,-0.007022505392728624
0,0,433.5086749285033,-0.007018471202218512
0,0,327.58951382268833,-0.0073468963597019595
0,0,318.5963775023831,-0.007358310196205636
0,0,317.5971401334605,-0.007359325394956136
0,0,255.64442326024783,-0.0072894005918973685
0,0,256.6436606291707,-0.007293134697406409
0,0,257.6428979980934,-0.007296764289298791
0,0,345.57578646329836,-0.007313102761448079
0,0,346.5750238322211,-0.0073108453744269745
0,0,347.5742612011438,-0.0073085514496913214
0,0,348.57349857006676,-0.00730622155054895
0,0,351.5712106768352,-0.007299020401949262
0,0,352.5704480457578,-0.007296550897999952
0,0,353.56968541468063,-0.007294047621779213
0,0,354.56892278360334,-0.007291511215606438
0,0,330.58722592945657,-0.007342228227542202
0,0,323.592564346997,-0.007352462774373143
0,0,324.59180171592,-0.007351143375748021
0,0,325.5910390848427,-0.00734977544210314
0,0,326.5902764537655,-0.007348359594304026
0,0,440.50333651096275,-0.006990014857700219
0,0,441.5025738798855,-0.006985921023798773
0,0,499.458341277407,-0.0067423152836718165
0,0,498.4591039084844,-0.006746543941787564
0,0,501.45681601525274,-0.006733862248932115
0,0,500.4575786463299,-0.0067380881126848724
0,0,573.4019065776931,-0.006438120292560709
0,0,574.4011439466158,-0.006434186640012224
0,0,575.4003813155388,-0.006430258838434001
0,0,407.528503336511,-0.0071200873687054566
0,0,406.52926596758823,-0.007123832544736369
0,0,403.53155386081994,-0.00713498028352225
0,0,404.5307912297426,-0.007131279255838318
0,0,405.53002859866547,-0.00712756325262603
0,0,408.52774070543376,-0.0071163280330783585
0,0,409.52697807435646,-0.007112554821553548
0,0,402.53231649189695,-0.007138665994050532
0,0,390.5414680648237,-0.007181603597464856
0,0,370.55672068636784,-0.007246768858782554
0,0,369.55748331744513,-0.007249777820358455
0,0,373.55443279313636,-0.007237587189687972
0,0,374.55367016205906,-0.007234476234525604
0,0,378.5506196377502,-0.00722179003421169
0,0,377.55138226882747,-0.007224997130055708
0,0,367.55900857959966,-0.007255716002525277
0,0,368.5582459485224,-0.007252760283553594
0,0,356.56739752144904,-0.007286340578298248
0,0,357.5666348903718,-0.007283707326815484
0,0,414.52316491897045,-0.0070934899505496205
0,0,413.5239275500477,-0.007097328563503587
0,0,412.5246901811249,-0.007101154668851139
0,0,411.52545281220216,-0.007104967906319844
0,0,410.52621544327917,-0.007108768019625075
0,0,447.4979980934223,-0.006961226335512429
0,0,446.49876072449956,-0.006965356865794264
0,0,445.4995233555768,-0.006969481794063593
0,0,444.50028598665403,-0.0069736008477786155
0,0,450.49571020019073,-0.006948802173828878
0,0,451.4949475691134,-0.00694465035475525
0,0,449.49647283126785,-0.006952948942021528
0,0,448.49723546234503,-0.006957090278528518
0,0,319.59561487130605,-0.0073572426763790595
0,0,320.5948522402288,-0.0073561235495918755
0,0,321.5940896091517,-0.007354953459839535
0,0,322.5933269780743,-0.007353732998231244
0,0,398.53536701620595,-0.007153250778836386
0,0,389.54223069590086,-0.0071850651803030425
0,0,388.5429933269781,-0.007188507273305273
0,0,387.5437559580553,-0.007191929538324399
0,0,396.5368922783604,-0.007160444744325771
0,0,514.4469018112488,-0.006679086660282851
0,0,515.4461391801714,-0.006674888771214373
0,0,504.4545281220209,-0.006721192856851543
0,0,505.45376549094374,-0.006716973076056888
0,0,502.4560533841755,-0.006729637428704045
0,0,503.4552907530983,-0.006725414333159613
0,0,431.51020019065777,-0.0070265313796862
0,0,443.5010486177312,-0.006977713855277912
0,0,442.5018112488085,-0.0069818206014921535
0,0,422.5170638703528,-0.007062356017740771
0,0,428.5124880838895,-0.007038557529697227
0,0,429.5117254528122,-0.007034557697568341
0,0,430.5109628217349,-0.0070305489060916194
0,0,434.507912297426,-0.007014428858006267
0,0,435.50714966634894,-0.007010378578277004
0,0,437.5056244041945,-0.007002254806823961
0,0,436.5063870352718,-0.00700632049372134
0,0,439.5040991420401,-0.006994101743094022
0,0,438.5048617731172,-0.006998181800592668
0,0,454.49265967588184,-0.0069321666768912184
0,0,455.49189704480455,-0.006927996440135235
0,0,359.5651096282174,-0.007278346876020769
0,0,360.5643469971401,-0.007275620567196971
0,0,358.5658722592947,-0.007281042568497698
0,0,355.5681601525261,-0.007288942029107529
0,0,513.4476644423261,-0.006683287208703901
0,0,586.391992373689,-0.006387455215415799
0,0,587.3912297426122,-0.006383601828818913
0,0,293.6154432793137,-0.007366242496741291
0,0,294.6146806482365,-0.00736668892191373
0,0,301.6093422306959,-0.007367913782899919
0,0,302.6085795996187,-0.007367826716739265
0,0,273.63069590085803,-0.007341473125090338
0,0,267.6352716873212,-0.007327544503370809
0,0,268.634509056244,-0.00733009338947112
0,0,276.6284080076262,-0.007347243523559566
0,0,275.6291706387035,-0.0073454060299200236
0,0,274.62993326978085,-0.007343482894222354
0,0,279.6261201143947,-0.007352251316850317
0,0,278.6268827454719,-0.007350665246673317
0,0,280.6253574833175,-0.007353755458692494
0,0,277.6276453765491,-0.00734899630193677
0,0,284.6223069590087,-0.007358969805969818
0,0,283.6230695900857,-0.00735778478491026
0,0,262.6390848427074,-0.007313382222586877
0,0,333.584938036225,-0.007337154246006184
0,0,334.5841754051478,-0.007335375537426541
0,0,338.58112488083884,-0.007327837984233953
0,0,337.58188751191614,-0.007329784638161048
0,0,335.5834127740706,-0.007333553894642193
0,0,316.59790276453776,-0.007360287620048854
0,0,315.5986653956148,-0.007361196241692664
0,0,314.59942802669207,-0.007362050615175838
0,0,313.6001906577694,-0.007362850139489306
0,0,312.60095328884654,-0.007363594084511775
0,0,309.6032411820782,-0.007365485671883671
0,0,310.602478551001,-0.007364912482021391
0,0,311.6017159199238,-0.007364281735582779
0,0,304.6070543374643,-0.007367463390935901
0,0,303.60781696854144,-0.007367676343958811
0,0,306.6055290753098,-0.007366852772262178
0,0,305.60629170638714,-0.007367188617744433
0,0,307.6047664442325,-0.007366456579055407
0,0,308.60400381315543,-0.007366000615206301
0,0,285.6215443279314,-0.007360077229656393
0,0,288.6192564346998,-0.007362942069166404
0,0,287.62001906577694,-0.007362062523730058
0,0,289.6184938036225,-0.007363747313251562
0,0,286.6207816968542,-0.007361107843878823
0,0,295.61391801715916,-0.007367065838539836
0,0,290.61773117254535,-0.007364479139734753
0,0,291.616968541468,-0.007365138439039726
0,0,292.6162059103907,-0.0073657259334037025
0,0,296.613155386082,-0.007367374142473113
0,0,299.61086749285033,-0.00736789523237988
0,0,300.61010486177315,-0.007367936898042026
0,0,297.6123927550047,-0.0073676146392379575
0,0,298.6116301239275,-0.00736778805421757
0,0,261.6398474737846,-0.007310259183636344
0,0,260.64061010486165,-0.007307036925027049
0,0,259.641372735939,-0.00730371437062557
0,0,258.64213536701624,-0.007300290470298086
0,0,497.45986653956146,-0.006750773733999001
0,0,490.465204957102,-0.006780406183623819
0,0,491.4644423260247,-0.00677617130607902
0,0,489.4659675881792,-0.006784641423438254
0,0,456.4911344137273,-0.006923822159989971
0,0,457.49037178265,-0.006919643937370799
0,0,488.4667302192565,-0.006788876988664627
0,0,483.4705433746425,-0.006810053785535377
0,0,482.4713060057198,-0.006814288199353784
0,0,481.47206863679685,-0.006818522159439018
0,0,480.4728312678741,-0.006822755541979027
0,0,477.4751191611059,-0.006835449246471139
0,0,476.47588179218315,-0.006839678691548761
0,0,464.48503336510953,-0.0068902950483804865
0,0,463.4857959961868,-0.006894497458110297
0,0,475.4766444232602,-0.0068439066332757394
0,0,472.4789323164918,-0.006856581976644316
0,0,473.4781696854146,-0.006852358349660234
0,0,471.4796949475691,-0.00686080388817013
0,0,465.48427073403235,-0.0068860896100910755
0,0,467.48274547187805,-0.0068776705264501
0,0,466.4835081029552,-0.006881881457248477
0,0,474.47740705433745,-0.006848133180299755
0,0,494.46215443279317,-0.006763469123877589
0,0,493.46291706387046,-0.00676770253405347
0,0,495.4613918017158,-0.006759236408662144
0,0,340.57959961868426,-0.0073238233701436815
0,0,339.58036224976155,-0.007325850803297566
0,0,344.57654909437565,-0.007315323089852264
0,0,343.57731172545283,-0.007317505631909863
0,0,342.57807435653007,-0.007319650317341194
0,0,341.57883698760736,-0.0073217563284326695
0,0,364.5612964728313,-0.007264418143244567
0,0,365.56053384175397,-0.007261545391449655
0,0,363.5620591039086,-0.007267262439414208
0,0,362.5628217349856,-0.0072700778716946295
0,0,361.5635843660629,-0.007272863970778784
0,0,332.58570066730215,-0.007338889718369942
0,0,331.5864632983794,-0.007340581281631749
0,0,397.53612964728313,-0.007156856223950336
0,0,366.55977121067696,-0.0072586444874385495
0,0,376.55214489990476,-0.007228180665122425
0,0,375.5529075309819,-0.007231340549685821
0,0,379.5498570066731,-0.00721856001621805
0,0,535.4308865586273,-0.006591592216856815
0,0,534.4316491897047,-0.006595723142069802
0,0,542.4255481410868,-0.0065627916008310595
0,0,543.4247855100097,-0.006558694760638567
0,0,544.4240228789323,-0.006554602345235508
0,0,551.4186844613918,-0.0065260873655900616
0,0,552.4179218303146,-0.006522033035720558
0,0,558.4133460438513,-0.006497813922794012
0,0,559.4125834127742,-0.006493795523359751
0,0,496.46062917063864,-0.006755004656832144
0,0,508.4514775977122,-0.0067043251596406025
0,0,507.45224022878926,-0.006708539093215061
0,0,511.4491897044805,-0.0066916957541911
0,0,512.4484270734033,-0.006687490329550106
0,0,510.44995233555767,-0.006695903246518753
0,0,509.450714966635,-0.006700113149344069
0,0,506.45300285986656,-0.006712755152888725
0,0,531.4339370829359,-0.0066081389520100155
0,0,532.4331744518589,-0.006603996543617164
0,0,540.4270734032414,-0.006570998708606639
0,0,541.426310772164,-0.006566892979362657
0,0,539.4278360343184,-0.006575108913139162
0,0,537.4293612964728,-0.006583342346614008
0,0,538.4285986653955,-0.006579223432245334
0,0,536.4301239275501,-0.006587465327787004
0,0,530.4346997140134,-0.006612285169807902
0,0,533.4324118207818,-0.006599857783207514
0,0,458.48960915157295,-0.006915461562728397
0,0,459.4888465204957,-0.00691127552299705
0,0,460.48808388941853,-0.006907085989220656
0,0,492.46367969494753,-0.00677193666429504
0,0,470.4804575786464,-0.006865023762023266
0,0,521.4415633937083,-0.0066497614991248705
0,0,520.4423260247856,-0.006653942010098352
0,0,522.4408007626309,-0.006645584225850763
0,0,636.3538608198285,-0.006203118494752321
0,0,635.3546234509056,-0.006206629602090283
0,0,634.3553860819827,-0.006210147941185217
0,0,637.3530981887512,-0.0061996150094511945
0,0,639.3515729265968,-0.00619263027402854
0,0,638.352335557674,-0.006196118930963495
0,0,622.3645376549094,-0.006252948024558624
0,0,621.3653002859868,-0.006256562285711463
0,0,617.3683508102955,-0.006271091662666021
0,0,618.3675881792182,-0.006267448545350216
0,0,616.3691134413726,-0.006274741896707785
0,0,615.36987607245,-0.006278399458078151
0,0,607.3759771210676,-0.0063079119150949246
0,0,608.3752144899906,-0.006304198413619776
0,0,585.3927550047665,-0.006391314986575898
0,0,592.387416587226,-0.006364429836787311
0,0,591.3881792183032,-0.006368251080133672
0,0,583.3942802669209,-0.006399054252244035
0,0,584.3935176358438,-0.006395181468403394
0,0,588.3904671115346,-0.006379754501303443
0,0,606.3767397521449,-0.006311632555113924
0,0,595.385128693994,-0.006353005872624652
0,0,596.3843660629171,-0.0063492112755520035
0,0,600.3813155386082,-0.0063340992683444085
0,0,599.3820781696854,-0.006337867174761609
0,0,602.3797902764536,-0.006326583014550994
0,0,601.3805529075311,-0.0063303378824302765
0,0,603.3790276453766,-0.006322835150353368
0,0,598.3828408007626,-0.006341641780159318
0,0,597.3836034318401,-0.006345423216727684
0,0,594.3858913250715,-0.0063568072404321056
0,0,604.3782650142995,-0.0063190940953582134
0,0,612.3721639656816,-0.006289414124611606
0,0,611.3729265967586,-0.00629309965066805
0,0,654.3401334604384,-0.006141211610989877
0,0,653.3408960915158,-0.006144586170271095
0,0,655.3393708293613,-0.006137844535037578
0,0,658.3370829361296,-0.006127788918126205
0,0,657.3378455672066,-0.006131133154720096
0,0,620.3660629170639,-0.00626018374556593
0,0,619.3668255481412,-0.0062638125373414965
0,0,626.3614871306006,-0.006238563631549126
0,0,627.3607244995231,-0.006234985770369821
0,0,623.3637750238322,-0.006249340872964132
0,0,625.3622497616777,-0.006242148791790876
0,0,624.363012392755,-0.006245741200793063
0,0,553.4171591992376,-0.006517983591610054
0,0,554.41639656816,-0.006513939237609129
0,0,550.419447092469,-0.006530146546890611
0,0,560.4118207816971,-0.006489782243607362
0,0,555.4156339370832,-0.006509900015852751
0,0,563.409532888465,-0.00647777570232789
0,0,562.4102955195425,-0.006481772339715364
0,0,572.4026692087704,-0.006442059881967016
0,0,571.4034318398474,-0.0064460051900341545
0,0,576.3996186844615,-0.006426336845104621
0,0,577.3988560533841,-0.006422420930374558
0,0,579.3973307912295,-0.006414607321573164
0,0,578.3980934223069,-0.006418511119328871
0,0,580.3965681601526,-0.006410709777145507
0,0,581.3958055290755,-0.006406818428425347
0,0,570.4041944709246,-0.006449956450015798
0,0,569.404957102002,-0.006453913522994334
0,0,568.4057197330792,-0.006457876503806803
0,0,567.4064823641564,-0.00646184506562617
0,0,566.4072449952336,-0.006465819340055115
0,0,565.4080076263109,-0.006469799287211526
0,0,564.408770257388,-0.006473784720296817
0,0,561.4110581506196,-0.006485774470252302
0,0,484.46978074356537,-0.006805818870893879
0,0,695.3088655862728,-0.006009586344218393
0,0,696.3081029551953,-0.0060065415668693065
0,0,694.3096282173498,-0.006012639145244453
0,0,703.3027645376548,-0.0059854531897205925
0,0,702.3035271687321,-0.0059884417418261384
0,0,705.3012392755002,-0.0059795002760569815
0,0,704.3020019065777,-0.005982472691257653
0,0,452.49418493803626,-0.006940493719837198
0,0,453.493422306959,-0.006936332488021866
0,0,757.2615824594853,-0.005835997926923368
0,0,756.2623450905623,-0.005838552959445064
0,0,755.2631077216397,-0.005841116015450453
0,0,754.263870352717,-0.005843686992311291
0,0,772.250142993327,-0.0057986311151496765
0,0,771.2509056244044,-0.005801066161156772
0,0,773.2493803622499,-0.005796204064942498
0,0,486.46825548141084,-0.0067973482430399735
0,0,485.46901811248813,-0.006801583664609946
0,0,487.4674928503336,-0.006793112696975501
0,0,516.4453765490944,-0.006670693657835022
0,0,518.4438512869401,-0.006662312145981735
0,0,517.4446139180174,-0.006666501469909596
0,0,519.4430886558627,-0.006658125653250124
0,0,652.3416587225929,-0.006147968422106751
0,0,582.3950428979981,-0.006402933179607004
0,0,590.3889418493803,-0.006372078957702234
0,0,281.62459485224025,-0.007355178490804217
0,0,282.623832221163,-0.007356521305882213
0,0,336.58265014299343,-0.00733169008491029
0,0,462.4865586272641,-0.006898696752795233
0,0,461.4873212583413,-0.00690289288587601
0,0,478.4743565300287,-0.006831218874057236
0,0,479.4735938989513,-0.006826987644525954
0,0,469.4812202097236,-0.006869241668687639
0,0,468.48198284080075,-0.006873457149271152
0,0,527.4369876072449,-0.006624746346164657
0,0,526.4377502383222,-0.006628907332346156
0,0,545.4232602478551,-0.006550514553939846
0,0,546.4224976167781,-0.006546431482429595
0,0,547.4217349857006,-0.006542353033918121
0,0,548.4209723546236,-0.0065382793465000805
0,0,549.4202097235465,-0.00653421054760869
0,0,557.4141086749286,-0.006501837230131212
0,0,556.4148713060056,-0.006505865986470073
0,0,528.4362249761679,-0.006620588893350869
0,0,529.4354623450905,-0.006616435160693808
0,0,523.440038131554,-0.006641410159060309
0,0,525.4385128693995,-0.006633071644537046
0,0,524.4392755004765,-0.006637239221740295
0,0,749.2676835081029,-0.005856662852709672
0,0,748.2684461391802,-0.005859282160692808
0,0,753.2646329837938,-0.005846266075425849
0,0,752.2653956148714,-0.005848853254114633
0,0,751.2661582459482,-0.0058514484691003215
0,0,672.3264061010486,-0.006081793304602067
0,0,673.3256434699713,-0.0060785666612050695
0,0,681.3195424213538,-0.006053039621443127
0,0,680.3203050524306,-0.006056202679259493
0,0,679.3210676835081,-0.006059373712814754
0,0,675.324118207817,-0.00607213720198051
0,0,676.3233555767399,-0.006068934430083455
0,0,687.3149666348904,-0.006034227427588473
0,0,686.3157292659674,-0.006037343224471551
0,0,682.3187797902763,-0.006049884369953238
0,0,685.3164918970448,-0.006040466701957617
0,0,689.3134413727356,-0.00602801982157958
0,0,690.3126787416588,-0.0060249281578752985
0,0,683.3180171591993,-0.0060467371066945325
0,0,684.3172545281221,-0.006043597990123412
0,0,659.3363203050521,-0.006124452619522239
0,0,660.3355576739752,-0.006121124117921352
0,0,661.3347950428979,-0.006117803394653099
0,0,650.3431839847472,-0.006154755780689876
0,0,649.3439466158246,-0.0061581612343492775
0,0,758.2608198284079,-0.005833450881864379
0,0,738.2760724499522,-0.005885916534346674
0,0,737.2768350810297,-0.005888623964464773
0,0,736.2775977121065,-0.005891339470826762
0,0,739.2753098188753,-0.0058832172131045544
0,0,741.2737845567206,-0.005877842087782184
0,0,740.2745471877979,-0.005880525564759046
0,0,746.2699714013343,-0.005864545056667541
0,0,747.2692087702575,-0.005861909612822875
0,0,750.2669208770258,-0.005854051596407063
0,0,745.2707340324118,-0.005867188512810325
0,0,744.2714966634888,-0.005869840018695459
0,0,743.2722592945662,-0.0058724993714843405
0,0,706.3004766444234,-0.005976535995846712
0,0,707.2997140133457,-0.005973579833993478
0,0,708.2989513822688,-0.005970631660766201
0,0,709.2981887511918,-0.005967691547805419
0,0,710.2974261201143,-0.005964759508191169
0,0,711.2966634890371,-0.005961835312892386
0,0,732.2806482364157,-0.005902281956466128
0,0,731.2814108674929,-0.005905037714531346
0,0,821.2127740705434,-0.00568902014707713
0,0,822.2120114394661,-0.005686979838532297
0,0,691.3119161105815,-0.006021843920769393
0,0,692.3111534795045,-0.0060187679923161385
0,0,693.3103908484272,-0.006015699518062249
0,0,697.3073403241182,-0.006003504758387588
0,0,698.3065776930408,-0.006000476090548723
0,0,701.3042897998093,-0.005991438401891755
0,0,700.3050524308867,-0.005994443044025402
0,0,761.2585319351764,-0.005825857703620979
0,0,760.2592945662532,-0.005828380835286548
0,0,759.260057197331,-0.005830911879742381
0,0,766.2547187797903,-0.005813361844366027
0,0,767.2539561487129,-0.005810886667365257
0,0,765.2554814108674,-0.00581584498811596
0,0,764.2562440419448,-0.005818336130490677
0,0,770.2516682554815,-0.005803509166802458
0,0,769.2524308865584,-0.005805960320263832
0,0,768.2531935176357,-0.005808419503882806
0,0,823.211248808389,-0.005684947307589238
0,0,824.2104861773116,-0.005682922553038949
0,0,906.1479504289803,-0.005543060268319478
0,0,905.1487130600574,-0.005544459043667078
0,0,763.2570066730218,-0.005820835333335959
0,0,664.3325071496662,-0.006107888700658081
0,0,663.3332697807435,-0.0061111860926335694
0,0,628.3599618684461,-0.0062314152232302725
0,0,629.3591992373688,-0.0062278520361348025
0,0,630.3584366062917,-0.006224296426460552
0,0,631.3576739752145,-0.0062207481757867705
0,0,632.3569113441372,-0.006217207076018613
0,0,648.3447092469016,-0.006161574135629828
0,0,645.3469971401333,-0.0061718581458789735
0,0,646.3462345090563,-0.006168422503799439
0,0,647.3454718779791,-0.0061649946730463895
0,0,643.3485224022877,-0.006178751898276544
0,0,644.3477597712106,-0.006175301242389883
0,0,642.3492850333652,-0.006182209827644961
0,0,641.3500476644422,-0.00618567576712157
0,0,640.3508102955195,-0.006189149228878111
0,0,633.3561487130601,-0.006213673758950157
0,0,651.3424213536701,-0.00615135812100111
0,0,613.3714013346045,-0.0062857356306531
0,0,614.3706387035272,-0.006282063958445989
0,0,605.3775023832222,-0.006315359847286836
0,0,609.3744518589131,-0.006300491930143725
0,0,589.3897044804576,-0.006375913455725637
0,0,593.3866539561486,-0.006360615301936071
0,0,775.2478551000954,-0.005791373823795725
0,0,774.2486177311723,-0.005793784970551032
0,0,785.2402287893228,-0.005767699719891206
0,0,784.2409914204005,-0.005770031397379389
0,0,666.3309818875117,-0.006101317839504406
0,0,667.3302192564346,-0.006098044166527142
0,0,665.3317445185893,-0.006104599309724123
0,0,670.3279313632032,-0.006088270147672633
0,0,669.3286939942802,-0.006091520406688805
0,0,668.3294566253576,-0.006094778392415402
0,0,688.3142040038133,-0.006031119730054801
0,0,662.3340324118209,-0.0061144907718149785
0,0,674.3248808388942,-0.0060753479465120485
0,0,716.292850333651,-0.005947335068897137
0,0,715.2936129647284,-0.005950219108868613
0,0,721.2890371782647,-0.005933035784877753
0,0,722.2882745471879,-0.005930200014008553
0,0,714.294375595805,-0.0059531112106972345
0,0,713.2951382268826,-0.0059560112295312705
0,0,712.2959008579596,-0.005958919220211057
0,0,610.3736892278362,-0.006296792332345788
0,0,730.2821734985702,-0.0059078015780261875
0,0,726.2852240228789,-0.005918936871521522
0,0,725.2859866539561,-0.0059217407076429295
0,0,728.2836987607243,-0.005913353210574193
0,0,729.2829361296472,-0.005910573385837322
0,0,677.3225929456624,-0.006065739656025268
0,0,671.3271687321258,-0.006085027800964848
0,0,656.338608198284,-0.0061344848859663055
0,0,733.2798856053384,-0.005899534299725956
0,0,734.2791229742612,-0.005896794574549687
0,0,735.2783603431839,-0.005894062946330884
0,0,762.2577693040987,-0.005823342490985132
0,0,699.3058150619637,-0.005997455462113031
0,0,742.2730219256433,-0.005875166666473289
0,0,835.2020972354624,-0.005661163158366117
0,0,836.201334604385,-0.005659231699779282
0,0,833.2036224976168,-0.005665049408565248
0,0,834.2028598665397,-0.005663102403896239
0,0,825.2097235462346,-0.005680905544675025
0,0,832.2043851286942,-0.005667004221031219
0,0,826.2089609151574,-0.005678896345026373
0,0,831.205147759771,-0.005668966836682827
0,0,830.2059103908484,-0.005670937209430842
0,0,829.2066730219254,-0.0056729153115192615
0,0,828.2074356530029,-0.005674901187888912
0,0,786.2394661582458,-0.005765375976302005
0,0,807.2234509056244,-0.005718405201071875
0,0,806.2242135367013,-0.0057205631903627045
0,0,811.2204003813156,-0.005709852430568266
0,0,812.2196377502385,-0.005707733945280298
0,0,790.2364156339368,-0.005756160367376519
0,0,789.2371782650143,-0.0057584524511599825
0,0,787.2387035271688,-0.005763060236209879
0,0,788.2379408960916,-0.005760752349059731
0,0,928.1311725452811,-0.005514168435093312
0,0,927.1319351763586,-0.005515403907300765
0,0,878.1693040991422,-0.0055850620840581355
0,0,877.1700667302192,-0.005586671454554072
0,0,879.1685414680647,-0.005583460289744961
0,0,880.1677788369877,-0.005581866074673855
0,0,876.1708293612965,-0.00558828843038058
0,0,874.172354623451,-0.005591545168372005
0,0,875.1715919923736,-0.005589913026534087
0,0,873.1731172545283,-0.0055931848725217035
0,0,891.1593898951381,-0.005564827914044355
0,0,892.158627264061,-0.005563324225341832
0,0,890.1601525262156,-0.005566339129361462
0,0,886.1632030505242,-0.005572459329144645
0,0,885.1639656816017,-0.00557400823570232
0,0,884.1647283126786,-0.005575564696593208
0,0,893.1578646329838,-0.005561828054408823
0,0,894.1571020019068,-0.005560339422328932
0,0,882.1662535748333,-0.0055787002779396685
0,0,881.1670162059104,-0.0055802793815558915
0,0,883.1654909437561,-0.005577128707629542
0,0,896.1555767397524,-0.005557384746307413
0,0,897.1548141086752,-0.005555918651890194
0,0,895.1563393708292,-0.005558858325016711
0,0,904.1494756911345,-0.005545865292672711
0,0,903.1502383222116,-0.00554727904703777
0,0,902.1510009532885,-0.005548700298650468
0,0,901.151763584366,-0.005550129019334766
0,0,898.1540514775977,-0.005554460058645693
0,0,899.1532888465207,-0.005553008921532339
0,0,900.1525262154432,-0.005551565239449131
0,0,911.1441372735936,-0.005536178261998687
0,0,912.143374642517,-0.005534824202392253
0,0,910.1448999046714,-0.0055375397416173346
0,0,908.1464251668255,-0.00554028507747266
0,0,909.1456625357482,-0.005538908669866038
0,0,907.1471877979027,-0.005541668949386381
0,0,986.0869399428026,-0.005455031331573453
0,0,987.0861773117255,-0.005454225812297166
0,0,984.0884652049572,-0.0054566640357707665
0,0,985.08770257388,-0.005455844079458437
0,0,983.0892278360345,-0.0054574912004446115
0,0,982.0899904671113,-0.005458325548060137
0,0,990.0838894184941,-0.005451852498121509
0,0,991.0831267874165,-0.005451075736101797
0,0,988.085414680648,-0.005453427498064577
0,0,992.0823641563394,-0.005450306148528111
0,0,993.0816015252619,-0.005449543786087545
0,0,994.080838894185,-0.005448788707639618
0,0,1033.0510962821736,-0.005424915327060274
0,0,1034.0503336510965,-0.0054244456603599785
0,0,969.0999046711153,-0.005469830275325972
0,0,968.1006673021926,-0.005470765922297077
0,0,970.0991420400383,-0.005468901878073121
0,0,975.0953288846517,-0.00546436859915351
0,0,974.0960915157293,-0.005465260841972871
0,0,976.0945662535748,-0.005463483588356727
0,0,980.0915157292657,-0.005460015961936272
0,0,979.092278360343,-0.005460872032271211
0,0,977.0938036224976,-0.005462605805774475
0,0,978.0930409914207,-0.005461735304295268
0,0,981.0907530981889,-0.005459167143272465
0,0,1030.0533841754052,-0.005426366948135378
0,0,1029.0541468064825,-0.005426865004469546
0,0,1028.0549094375597,-0.005427370192745532
0,0,971.0983794089606,-0.005467980760389124
0,0,1023.0587225929456,-0.005430002655359951
0,0,1024.0579599618684,-0.00542946196473751
0,0,1015.0648236415634,-0.0054345847942276326
0,0,1016.0640610104861,-0.005433987019980466
0,0,1020.0610104861773,-0.005431667478925758
0,0,1019.0617731172546,-0.0054322366474487144
0,0,1013.066348903718,-0.0054358018414472934
0,0,1014.0655862726406,-0.0054351897395736705
0,0,999.077025738799,-0.005445120636080044
0,0,1000.0762631077217,-0.0054444084831330895
0,0,1006.0716873212584,-0.005440285862518794
0,0,1007.0709246901808,-0.005439623804974469
0,0,916.1403241182078,-0.005529482316799305
0,0,915.1410867492849,-0.005530806647889211
0,0,917.1395614871307,-0.005528165435130927
0,0,913.1426120114396,-0.0055334775745015065
0,0,914.1418493803621,-0.00553213839595792
0,0,858.1845567206865,-0.005618695214853394
0,0,859.1837940896091,-0.005616941046936167
0,0,839.1990467111536,-0.005653483722379922
0,0,838.1998093422305,-0.005655391994122059
0,0,841.1975214489989,-0.005649690499907461
0,0,840.1982840800761,-0.005651583212973045
0,0,837.2005719733079,-0.005657307973521025
0,0,846.1937082936131,-0.005640342897990656
0,0,847.1929456625355,-0.005638496582136369
0,0,848.1921830314586,-0.0056366580230693495
0,0,842.1967588179218,-0.0056478054920441455
0,0,843.1959961868446,-0.005645928246325882
0,0,844.1952335557676,-0.005644058752465378
0,0,845.1944709246901,-0.005642196950041226
0,0,849.1914204003815,-0.00563482718978755
0,0,827.2081982840801,-0.005676894883661219
0,0,783.2417540514775,-0.005772370991047603
0,0,782.2425166825549,-0.005774718531953379
0,0,780.2440419447091,-0.005779437599832385
0,0,779.2448045757866,-0.005781809044308172
0,0,777.246329837941,-0.005786575589348973
0,0,776.2470924690181,-0.005788970770085418
0,0,778.2455672068634,-0.005784188292664582
0,0,792.2348903717825,-0.005751600068112371
0,0,793.2341277407055,-0.0057493319303197005
0,0,791.2356530028599,-0.005753876235004658
0,0,820.2135367016206,-0.005691068246616406
0,0,819.2142993326978,-0.005693124135368145
0,0,818.215061963775,-0.0056951877909737205
0,0,817.2158245948523,-0.005697259246617033
0,0,814.2181124880839,-0.005703520482996312
0,0,815.2173498570065,-0.005701425608270714
0,0,816.2165872259296,-0.005699338535890298
0,0,813.2188751191609,-0.005705623254359795
0,0,794.2333651096283,-0.0057470717108393235
0,0,795.2326024785511,-0.005744819439743888
0,0,796.2318398474739,-0.0057425750536690325
0,0,872.1738798856054,-0.00559483215727279
0,0,870.1754051477595,-0.005598149636656092
0,0,871.1746425166826,-0.005596487079172141
0,0,856.186081982841,-0.005622226472271501
0,0,857.1853193517636,-0.005620457009641324
0,0,852.1891325071495,-0.005629380865689544
0,0,851.1898951382268,-0.005631188603330599
0,0,850.1906577693042,-0.00563300401848501
0,0,853.1883698760726,-0.005627580805657834
0,0,854.1876072449951,-0.005625788405413304
0,0,855.1868446139182,-0.005624003622339275
0,0,860.1830314585322,-0.005615194498549111
0,0,861.1822688274545,-0.00561345560704842
0,0,862.1815061963775,-0.005611724338504413
0,0,887.1624404194473,-0.005570917955839645
0,0,888.1616777883701,-0.005569384181721883
0,0,889.1609151572927,-0.005567857890774084
0,0,929.1304099142042,-0.0055129403488991926
0,0,940.1220209723548,-0.005499917660974189
0,0,939.1227836034319,-0.005501064804453989
0,0,933.1273593898953,-0.005508101709649858
0,0,932.128122020972,-0.005509300303257613
0,0,921.1365109628217,-0.005522971984315753
0,0,920.1372735938991,-0.005524259217352764
0,0,919.1380362249765,-0.005525553878726773
0,0,918.1387988560533,-0.005526855952450364
0,0,930.1296472831267,-0.005511719638503457
0,0,931.1288846520496,-0.005510506276434077
0,0,923.1349857006674,-0.005520419726962207
0,0,922.1357483317445,-0.005521692165711969
0,0,954.1113441372737,-0.005484627071107535
0,0,953.1121067683508,-0.005485671701886885
0,0,952.112869399428,-0.005486723618087288
0,0,946.1174451858913,-0.005493188684652488
0,0,945.1182078169686,-0.005494291834730825
0,0,967.1014299332699,-0.005471708810566116
0,0,965.1029551954244,-0.005473616244157275
0,0,964.1037178265013,-0.005474580885734323
0,0,966.1021925643472,-0.005472658906469996
0,0,678.3218303145853,-0.006062552667565088
0,0,727.2844613918015,-0.005916140981042295
0,0,805.2249761677789,-0.00572272896909501
0,0,804.225738798856,-0.005724902655509307
0,0,810.2211630123928,-0.005711978804040745
0,0,808.222688274547,-0.005716255154543228
0,0,863.1807435653002,-0.005610000772909912
0,0,864.1799809342232,-0.005608284837287623
0,0,865.1792183031455,-0.005606576573210641
0,0,866.1784556720687,-0.005604875919864249
0,0,867.1776930409915,-0.005603182894655613
0,0,868.1769304099141,-0.00560149753813398
0,0,869.1761677788371,-0.005599819789598095
0,0,1012.0671115347952,-0.005436421072326365
0,0,1011.0678741658724,-0.005437047358773013
0,0,998.0777883698759,-0.005445839952013359
0,0,997.0785510009532,-0.005446566426910816
0,0,996.0793136320304,-0.0054473000460172
0,0,995.0800762631076,-0.005448040818471655
0,0,1022.0594852240231,-0.005430550444656652
0,0,925.1334604385127,-0.005517897019196534
0,0,924.1342230695901,-0.005519154673861932
0,0,926.1326978074358,-0.005516646772208685
0,0,1026.056434699714,-0.005428401856118335
0,0,1027.0556720686363,-0.00542788247920574
0,0,1021.0602478551002,-0.005431105409896011
0,0,1018.0625357483317,-0.005432812990987794
0,0,1017.0632983794089,-0.005433396455024224
0,0,1035.0495710200194,-0.005423983086977486
0,0,781.2432793136318,-0.005777074090113609
0,0,798.2303145853193,-0.005738109804252374
0,0,797.2310772163964,-0.005740338602025808
0,0,801.2280266920875,-0.0057314710078332195
0,0,802.2272640610106,-0.005729273765868355
0,0,800.228789323165,-0.005733676056657525
0,0,799.2295519542419,-0.005735888992099549
0,0,803.2265014299334,-0.0057270842188529405
0,0,724.2867492850332,-0.0059245524190065894
0,0,723.2875119161107,-0.005927372307042092
0,0,720.2897998093422,-0.005935879485454176
0,0,719.2905624404192,-0.005938731292598137
0,0,717.2920877025739,-0.005944458913382538
0,0,718.2913250714967,-0.005941590993642947
0,0,809.22192564347,-0.005714112988960659
0,0,957.1090562440418,-0.005481536673019166
0,0,958.1082936129648,-0.005480521071822754
0,0,959.1075309818871,-0.005479512777956068
0,0,963.1044804575788,-0.005475552740463401
0,0,962.1052430886559,-0.0054765318218993955
0,0,960.1067683508103,-0.00547851183086702
0,0,961.1060057197332,-0.005477518185171543
0,0,972.0976167778838,-0.0054670669311720115
0,0,973.0968541468068,-0.005466160298559497
0,0,943.1197330791226,-0.005496520151585358
0,0,944.1189704480458,-0.005495402322281366
0,0,941.1212583412771,-0.005498777846521739
0,0,942.1204957102003,-0.005497645339135042
0,0,947.1166825548142,-0.00549209287990467
0,0,948.1159199237367,-0.005491004397966259
0,0,989.0846520495711,-0.005452636407583693
0,0,1005.0724499523354,-0.0054409550871794155
0,0,1004.0732125834128,-0.005441631454415112
0,0,1001.0755004766444,-0.005443703498644543
0,0,1008.070162059104,-0.005438968908785201
0,0,1002.0747378455674,-0.005443005661452506
0,0,1010.0686367969494,-0.005437680748950792
0,0,1009.0693994280267,-0.0054383212468248916
0,0,1003.07397521449,-0.005442314980641166
0,0,1031.0526215443278,-0.0054258759891927695
0,0,1032.0518589132505,-0.0054253921065696604
0,0,1025.0571973307915,-0.00542892836826463
0,0,1046.0411820781696,-0.00541936288340662
0,0,1047.0404194470925,-0.005418985365677688
0,0,1049.038894184938,-0.005418251554760699
0,0,1048.0396568160152,-0.005418614892286013
0,0,1044.0427073403241,-0.005420139160946217
0,0,1045.0419447092465,-0.005419747466088201
0,0,1040.045757864633,-0.005421776768121957
0,0,1039.0465204957104,-0.005422203871389629
0,0,1041.0449952335555,-0.0054213567264781255
0,0,1042.0442326024786,-0.005420943776740327
0,0,1043.0434699714012,-0.005420537926621794
0,0,1036.0488083889416,-0.005423527673154664
0,0,1037.0480457578647,-0.0054230793108117565
0,0,1038.0472831267875,-0.005422638052357837
0,0,1055.0343183984746,-0.005416219905120984
0,0,1056.0335557673975,-0.005415905998430503
0,0,1054.0350810295522,-0.005416540856143325
0,0,1057.0327931363204,-0.005415599152398072
0,0,1053.0358436606293,-0.005416868884725202
0,0,934.1265967588176,-0.005506910522881666
0,0,955.1105815061965,-0.0054835896681495215
0,0,956.1098188751191,-0.005482559534054549
0,0,935.1258341277406,-0.005505726702734494
0,0,936.1250714966636,-0.005504550219342743
0,0,937.1243088655863,-0.005503381083379686
0,0,938.123546234509,-0.005502219283146545
0,0,951.1136320305053,-0.00548778287206015
0,0,950.1143946615827,-0.005488849422133346
0,0,949.1151572926598,-0.005489923254658719
0,0,1079.0160152526216,-0.005410635887788218
0,0,1078.0167778836988,-0.005410787378724737
0,0,1080.0152526215443,-0.005410491474979901
0,0,1061.0297426120114,-0.005414442475943562
0,0,1060.0305052430886,-0.005414721036099708
0,0,1070.0228789323166,-0.005412253747753767
0,0,1069.0236415633938,-0.005412468779766226
0,0,1067.0251668255482,-0.005412919900573576
0,0,1066.0259294566254,-0.005413155986556422
0,0,1068.0244041944704,-0.0054126908345177305
0,0,1065.0266920877025,-0.005413399151221729
0,0,1064.0274547187796,-0.005413649387356232
0,0,1072.0213536701622,-0.005411844739690141
0,0,1073.0205910390844,-0.005411650813048886
0,0,1084.0122020972356,-0.005409984092913764
0,0,1083.0129647283127,-0.005410100379580269
0,0,1062.0289799809343,-0.005414170999226612
0,0,1063.0282173498572,-0.005413906645118186
0,0,1059.0312678741652,-0.005415006692654939
0,0,1058.0320305052433,-0.005415299389716013
0,0,1051.0373689227838,-0.005417546147762822
0,0,1052.0366062917064,-0.005417203996613117
0,0,1050.0381315538605,-0.005417895310314509
0,0,1085.0114394661582,-0.005409874879288168
0,0,1081.0144899904672,-0.005410354108536009
0,0,1082.0137273593893,-0.00541022371612623
0,0,1071.0221163012393,-0.005412045739699703
0,0,1076.0183031458532,-0.005411111594680922
0,0,1075.0190657769303,-0.005411284279891489
0,0,1077.017540514776,-0.005410945953903963
0,0,1074.0198284080077,-0.005411464003819063
0,0,1086.010676835081,-0.00540977276643235
0,0,1087.0099142040037,-0.005409677722512757
0,0,1088.0091515729266,-0.005409589751114195
0,0,1089.0083889418495,-0.00540950882261003
0,0,1090.0076263107721,-0.005409434889245589
0,0,1097.0022878932316,-0.00540911438063444
0,0,1098.0015252621545,-0.005409096755889072
0,0,1094.0045757864634,-0.0054092095101419685
0,0,1095.003813155386,-0.005409170774470953
0,0,1093.0053384175405,-0.0054092552801883005
0,0,1092.006101048618,-0.00540930812065799
0,0,1091.0068636796946,-0.0054093679874577735
0,0,1096.0030505243085,-0.005409139071133599
0,0,1099.0007626310774,-0.005409086185711027
0,0,1099.9999999999995,-0.005409082661299583
